{"cameraMode":{"drawMode":0,"name":"Shaded","section":"Shading Mode"},"sceneLighting":true,"audioPlay":false,"sceneViewState":{"showFog":true,"showMaterialUpdate":false,"showSkybox":true,"showFlares":true,"showImageEffects":true,"showParticleSystems":true},"in2DMode":false,"pivot":{"x":9.023125648498536,"y":0.7124999761581421,"z":11.005868911743164},"rotation":{"x":-0.10562947392463684,"y":-0.6852794885635376,"z":0.10147061198949814,"w":-0.7133991122245789},"size":3.2094345092773439,"orthographic":true}