{"cameraMode":{"drawMode":0,"name":"Shaded","section":"Shading Mode"},"sceneLighting":true,"audioPlay":false,"sceneViewState":{"showFog":true,"showMaterialUpdate":false,"showSkybox":true,"showFlares":true,"showImageEffects":true,"showParticleSystems":true},"in2DMode":false,"pivot":{"x":0.837066650390625,"y":1.9306640625,"z":3.705078125},"rotation":{"x":-0.003933731932193041,"y":0.9720506072044373,"z":-0.23416976630687715,"w":-0.01632872223854065},"size":2.954549789428711,"orthographic":true}