{"cameraMode":{"drawMode":0,"name":"Shaded","section":"Shading Mode"},"sceneLighting":false,"audioPlay":false,"sceneViewState":{"showFog":true,"showMaterialUpdate":false,"showSkybox":true,"showFlares":true,"showImageEffects":true,"showParticleSystems":true},"in2DMode":false,"pivot":{"x":0.021636962890625,"y":0.7603759765625,"z":0.7119140625},"rotation":{"x":0.047816384583711627,"y":-0.9190889596939087,"z":0.1178218424320221,"w":0.37297067046165469},"size":1.8692607879638672,"orthographic":true}