{"cameraMode":{"drawMode":0,"name":"Shaded","section":"Shading Mode"},"sceneLighting":true,"audioPlay":false,"sceneViewState":{"showFog":true,"showMaterialUpdate":false,"showSkybox":true,"showFlares":true,"showImageEffects":true,"showParticleSystems":true},"in2DMode":false,"pivot":{"x":8.676849365234375,"y":1.9326171875,"z":7.10107421875},"rotation":{"x":0.5556092262268066,"y":-0.02891877107322216,"z":0.019338181242346765,"w":0.8307154774665833},"size":10.193136215209961,"orthographic":true}