{"cameraMode":{"drawMode":0,"name":"Shaded","section":"Shading Mode"},"sceneLighting":false,"audioPlay":false,"sceneViewState":{"showFog":true,"showMaterialUpdate":false,"showSkybox":true,"showFlares":true,"showImageEffects":true,"showParticleSystems":true},"in2DMode":false,"pivot":{"x":3.0416030883789064,"y":0.197265625,"z":3.3433837890625},"rotation":{"x":-0.08935562521219254,"y":0.9071690440177918,"z":-0.24609066545963288,"w":-0.32939252257347109},"size":4.064198017120361,"orthographic":true}