{"cameraMode":{"drawMode":0,"name":"Shaded","section":"Shading Mode"},"sceneLighting":false,"audioPlay":false,"sceneViewState":{"showFog":true,"showMaterialUpdate":false,"showSkybox":true,"showFlares":true,"showImageEffects":true,"showParticleSystems":true},"in2DMode":false,"pivot":{"x":4.3968505859375,"y":1.167083740234375,"z":-0.02142190933227539},"rotation":{"x":0.021932996809482576,"y":-0.9780668616294861,"z":0.1472184956073761,"w":0.14570818841457368},"size":3.584146022796631,"orthographic":true}