{"cameraMode":{"drawMode":0,"name":"Shaded","section":"Shading Mode"},"sceneLighting":false,"audioPlay":false,"sceneViewState":{"showFog":true,"showMaterialUpdate":false,"showSkybox":true,"showFlares":true,"showImageEffects":true,"showParticleSystems":true},"in2DMode":false,"pivot":{"x":418.5198974609375,"y":167.9552001953125,"z":-0.51611328125},"rotation":{"x":-0.05553624778985977,"y":0.91340172290802,"z":-0.13328422605991364,"w":-0.3805893659591675},"size":5.089807987213135,"orthographic":true}