{"cameraMode":{"drawMode":0,"name":"Shaded","section":"Shading Mode"},"sceneLighting":false,"audioPlay":false,"sceneViewState":{"showFog":true,"showMaterialUpdate":false,"showSkybox":true,"showFlares":true,"showImageEffects":true,"showParticleSystems":true},"in2DMode":false,"pivot":{"x":2.9797661304473879,"y":4.120106220245361,"z":1.8763771057128907},"rotation":{"x":0.08768487721681595,"y":-0.04779776185750961,"z":0.0042119561694562439,"w":0.9949920177459717},"size":42.48247528076172,"orthographic":false}