{"cameraMode":{"drawMode":0,"name":"Shaded","section":"Shading Mode"},"sceneLighting":false,"audioPlay":false,"sceneViewState":{"showFog":true,"showMaterialUpdate":false,"showSkybox":true,"showFlares":true,"showImageEffects":true,"showParticleSystems":true},"in2DMode":false,"pivot":{"x":3.217498779296875,"y":-1.71240234375,"z":-0.7265625},"rotation":{"x":-0.00806533545255661,"y":0.9430091381072998,"z":-0.33187898993492129,"w":-0.022916344925761224},"size":4.536020755767822,"orthographic":true}