{"cameraMode":{"drawMode":0,"name":"Shaded","section":"Shading Mode"},"sceneLighting":true,"audioPlay":false,"sceneViewState":{"showFog":true,"showMaterialUpdate":false,"showSkybox":true,"showFlares":true,"showImageEffects":true,"showParticleSystems":true},"in2DMode":false,"pivot":{"x":20.13345718383789,"y":2.3125,"z":10.8701171875},"rotation":{"x":0.001738000544719398,"y":0.7658703327178955,"z":-0.6429893374443054,"w":0.0020705831702798607},"size":28.38107681274414,"orthographic":true}