{"cameraMode":{"drawMode":0,"name":"Shaded","section":"Shading Mode"},"sceneLighting":false,"audioPlay":false,"sceneViewState":{"showFog":true,"showMaterialUpdate":false,"showSkybox":true,"showFlares":true,"showImageEffects":true,"showParticleSystems":true},"in2DMode":false,"pivot":{"x":0.08152519166469574,"y":-0.23927652835845948,"z":-1.0363917350769044},"rotation":{"x":-0.010858112014830113,"y":0.962579607963562,"z":-0.2679576277732849,"w":-0.039003998041152957},"size":5.5523295402526859,"orthographic":false}