{"cameraMode":{"drawMode":0,"name":"Shaded","section":"Shading Mode"},"sceneLighting":false,"audioPlay":false,"sceneViewState":{"showFog":true,"showMaterialUpdate":false,"showSkybox":true,"showFlares":true,"showImageEffects":true,"showParticleSystems":true},"in2DMode":false,"pivot":{"x":418.2823791503906,"y":168.11865234375,"z":-0.7951741218566895},"rotation":{"x":-0.12565000355243684,"y":0.8726917505264282,"z":-0.3611733913421631,"w":-0.3036034405231476},"size":2.851655960083008,"orthographic":true}