{"cameraMode":{"drawMode":0,"name":"Shaded","section":"Shading Mode"},"sceneLighting":false,"audioPlay":false,"sceneViewState":{"showFog":true,"showMaterialUpdate":false,"showSkybox":true,"showFlares":true,"showImageEffects":true,"showParticleSystems":true},"in2DMode":false,"pivot":{"x":6.9690446853637699,"y":5.9068603515625,"z":0.6010259389877319},"rotation":{"x":0.2715478539466858,"y":0.4890911281108856,"z":-0.16343751549720765,"w":0.8126130104064941},"size":5.9774699211120609,"orthographic":false}