{"cameraMode":{"drawMode":0,"name":"Shaded","section":"Shading Mode"},"sceneLighting":false,"audioPlay":false,"sceneViewState":{"showFog":true,"showMaterialUpdate":false,"showSkybox":true,"showFlares":true,"showImageEffects":true,"showParticleSystems":true},"in2DMode":false,"pivot":{"x":0.26028966903686526,"y":-0.16869139671325684,"z":-0.06711757183074951},"rotation":{"x":-0.07768892496824265,"y":0.8979043364524841,"z":-0.17623479664325715,"w":-0.3958200514316559},"size":12.6653470993042,"orthographic":false}