{"cameraMode":{"drawMode":0,"name":"Shaded","section":"Shading Mode"},"sceneLighting":true,"audioPlay":false,"sceneViewState":{"showFog":true,"showMaterialUpdate":false,"showSkybox":true,"showFlares":true,"showImageEffects":true,"showParticleSystems":true},"in2DMode":false,"pivot":{"x":3.6084647178649904,"y":1.0000019073486329,"z":5.209962844848633},"rotation":{"x":0.001738000544719398,"y":0.7658703327178955,"z":-0.6429893374443054,"w":0.0020705831702798607},"size":10.564732551574707,"orthographic":true}