{"cameraMode":{"drawMode":0,"name":"Shaded","section":"Shading Mode"},"sceneLighting":false,"audioPlay":false,"sceneViewState":{"showFog":true,"showMaterialUpdate":false,"showSkybox":true,"showFlares":true,"showImageEffects":true,"showParticleSystems":true},"in2DMode":false,"pivot":{"x":418.2823791503906,"y":168.11865234375,"z":-0.7976546287536621},"rotation":{"x":-0.09753722697496414,"y":0.9021962285041809,"z":-0.30841830372810366,"w":-0.2853184938430786},"size":4.060600280761719,"orthographic":true}