{"cameraMode":{"drawMode":0,"name":"Shaded","section":"Shading Mode"},"sceneLighting":false,"audioPlay":false,"sceneViewState":{"showFog":true,"showMaterialUpdate":false,"showSkybox":true,"showFlares":true,"showImageEffects":true,"showParticleSystems":true},"in2DMode":false,"pivot":{"x":0.9462890625,"y":0.246826171875,"z":-9.523056030273438},"rotation":{"x":-0.12378285825252533,"y":-0.7720449566841126,"z":0.15851403772830964,"w":-0.6029077172279358},"size":3.004885673522949,"orthographic":true}