{"cameraMode":{"drawMode":0,"name":"Shaded","section":"Shading Mode"},"sceneLighting":true,"audioPlay":false,"sceneViewState":{"showFog":true,"showMaterialUpdate":false,"showSkybox":true,"showFlares":true,"showImageEffects":true,"showParticleSystems":true},"in2DMode":false,"pivot":{"x":2.630615234375,"y":0.17242431640625,"z":1.10260009765625},"rotation":{"x":0.003113154089078307,"y":-0.7224127650260925,"z":0.0032491369638592006,"w":0.6914474964141846},"size":1.4031093120574952,"orthographic":true}