{"cameraMode":{"drawMode":0,"name":"Shaded","section":"Shading Mode"},"sceneLighting":false,"audioPlay":false,"sceneViewState":{"showFog":true,"showMaterialUpdate":false,"showSkybox":true,"showFlares":true,"showImageEffects":true,"showParticleSystems":true},"in2DMode":false,"pivot":{"x":0.44067907333374026,"y":2.2410600185394289,"z":-2.770320415496826},"rotation":{"x":-0.046776868402957919,"y":0.7847766280174255,"z":-0.05967803671956062,"w":-0.6151228547096252},"size":4.115445137023926,"orthographic":false}