{"cameraMode":{"drawMode":0,"name":"Shaded","section":"Shading Mode"},"sceneLighting":false,"audioPlay":false,"sceneViewState":{"showFog":true,"showMaterialUpdate":false,"showSkybox":true,"showFlares":true,"showImageEffects":true,"showParticleSystems":true},"in2DMode":false,"pivot":{"x":4.21533203125,"y":2.3212890625,"z":5.99951171875},"rotation":{"x":-0.010858112014830113,"y":0.962579607963562,"z":-0.2679576277732849,"w":-0.039003998041152957},"size":2.8578836917877199,"orthographic":false}